[{"model": "admin.logentry", "pk": 36, "fields": {"action_time": "2022-06-01T15:57:51.910Z", "user": 4, "content_type": 14, "object_id": "4", "object_repr": "Cardio", "action_flag": 1, "change_message": "[{\"added\": {}}]"}}, {"model": "admin.logentry", "pk": 37, "fields": {"action_time": "2022-06-01T15:58:00.478Z", "user": 4, "content_type": 14, "object_id": "5", "object_repr": "Weights", "action_flag": 1, "change_message": "[{\"added\": {}}]"}}, {"model": "admin.logentry", "pk": 38, "fields": {"action_time": "2022-06-01T15:59:36.188Z", "user": 4, "content_type": 13, "object_id": "8", "object_repr": "Exercise Bike", "action_flag": 1, "change_message": "[{\"added\": {}}]"}}, {"model": "admin.logentry", "pk": 39, "fields": {"action_time": "2022-06-01T16:01:05.014Z", "user": 4, "content_type": 13, "object_id": "9", "object_repr": "Treadmill", "action_flag": 1, "change_message": "[{\"added\": {}}]"}}, {"model": "admin.logentry", "pk": 40, "fields": {"action_time": "2022-06-01T16:02:09.532Z", "user": 4, "content_type": 13, "object_id": "10", "object_repr": "Cross Trainer", "action_flag": 1, "change_message": "[{\"added\": {}}]"}}, {"model": "admin.logentry", "pk": 41, "fields": {"action_time": "2022-06-01T16:03:50.741Z", "user": 4, "content_type": 13, "object_id": "11", "object_repr": "Punching Bag", "action_flag": 1, "change_message": "[{\"added\": {}}]"}}, {"model": "admin.logentry", "pk": 42, "fields": {"action_time": "2022-06-01T16:04:06.369Z", "user": 4, "content_type": 13, "object_id": "11", "object_repr": "Punching Bag", "action_flag": 2, "change_message": "[{\"changed\": {\"fields\": [\"Sku\"]}}]"}}, {"model": "admin.logentry", "pk": 43, "fields": {"action_time": "2022-06-01T16:04:34.677Z", "user": 4, "content_type": 13, "object_id": "2", "object_repr": "DDSFSDF", "action_flag": 3, "change_message": ""}}, {"model": "admin.logentry", "pk": 44, "fields": {"action_time": "2022-06-01T16:04:34.679Z", "user": 4, "content_type": 13, "object_id": "4", "object_repr": "dsad", "action_flag": 3, "change_message": ""}}, {"model": "admin.logentry", "pk": 45, "fields": {"action_time": "2022-06-01T16:04:52.682Z", "user": 4, "content_type": 13, "object_id": "6", "object_repr": "Ex 1 plan Vegan", "action_flag": 2, "change_message": "[{\"changed\": {\"fields\": [\"Image\"]}}]"}}, {"model": "admin.logentry", "pk": 46, "fields": {"action_time": "2022-06-01T16:06:57.840Z", "user": 4, "content_type": 13, "object_id": "12", "object_repr": "Road Bike", "action_flag": 1, "change_message": "[{\"added\": {}}]"}}, {"model": "admin.logentry", "pk": 47, "fields": {"action_time": "2022-06-01T16:08:30.398Z", "user": 4, "content_type": 14, "object_id": "4", "object_repr": "Cardio", "action_flag": 2, "change_message": "[{\"changed\": {\"fields\": [\"Friendly name\"]}}]"}}, {"model": "admin.logentry", "pk": 48, "fields": {"action_time": "2022-06-01T16:08:54.767Z", "user": 4, "content_type": 14, "object_id": "1", "object_repr": "Vegetarian", "action_flag": 2, "change_message": "[{\"changed\": {\"fields\": [\"Friendly name\"]}}]"}}, {"model": "admin.logentry", "pk": 49, "fields": {"action_time": "2022-06-01T16:08:59.542Z", "user": 4, "content_type": 14, "object_id": "2", "object_repr": "Vegan", "action_flag": 2, "change_message": "[{\"changed\": {\"fields\": [\"Friendly name\"]}}]"}}, {"model": "admin.logentry", "pk": 50, "fields": {"action_time": "2022-06-01T16:09:05.823Z", "user": 4, "content_type": 14, "object_id": "3", "object_repr": "Standard", "action_flag": 2, "change_message": "[{\"changed\": {\"fields\": [\"Friendly name\"]}}]"}}, {"model": "admin.logentry", "pk": 51, "fields": {"action_time": "2022-06-01T16:09:18.100Z", "user": 4, "content_type": 14, "object_id": "5", "object_repr": "Weights", "action_flag": 2, "change_message": "[{\"changed\": {\"fields\": [\"Friendly name\"]}}]"}}, {"model": "admin.logentry", "pk": 52, "fields": {"action_time": "2022-06-01T16:09:26.798Z", "user": 4, "content_type": 14, "object_id": "4", "object_repr": "Cardio", "action_flag": 2, "change_message": "[{\"changed\": {\"fields\": [\"Friendly name\"]}}]"}}, {"model": "admin.logentry", "pk": 53, "fields": {"action_time": "2022-06-01T16:13:05.618Z", "user": 4, "content_type": 13, "object_id": "13", "object_repr": "Vegan Bodybuilding Cookbook", "action_flag": 1, "change_message": "[{\"added\": {}}]"}}, {"model": "admin.logentry", "pk": 54, "fields": {"action_time": "2022-06-01T16:13:35.306Z", "user": 4, "content_type": 13, "object_id": "6", "object_repr": "Ex 1 plan Vegan", "action_flag": 3, "change_message": ""}}, {"model": "admin.logentry", "pk": 55, "fields": {"action_time": "2022-06-01T16:15:00.158Z", "user": 4, "content_type": 13, "object_id": "14", "object_repr": "Vegan Keto Diet", "action_flag": 1, "change_message": "[{\"added\": {}}]"}}, {"model": "admin.logentry", "pk": 56, "fields": {"action_time": "2022-06-01T16:15:15.959Z", "user": 4, "content_type": 13, "object_id": "14", "object_repr": "Vegan Keto Diet", "action_flag": 2, "change_message": "[{\"changed\": {\"fields\": [\"Sku\", \"Image\"]}}]"}}, {"model": "admin.logentry", "pk": 57, "fields": {"action_time": "2022-06-01T16:16:19.943Z", "user": 4, "content_type": 13, "object_id": "13", "object_repr": "Vegan Bodybuilding Cookbook", "action_flag": 2, "change_message": "[]"}}, {"model": "admin.logentry", "pk": 58, "fields": {"action_time": "2022-06-01T16:17:01.940Z", "user": 4, "content_type": 13, "object_id": "15", "object_repr": "Cookbook for begginers", "action_flag": 1, "change_message": "[{\"added\": {}}]"}}, {"model": "admin.logentry", "pk": 59, "fields": {"action_time": "2022-06-01T16:17:12.104Z", "user": 4, "content_type": 13, "object_id": "15", "object_repr": "Cookbook for begginers", "action_flag": 2, "change_message": "[{\"changed\": {\"fields\": [\"Image url\"]}}]"}}, {"model": "admin.logentry", "pk": 60, "fields": {"action_time": "2022-06-01T16:17:23.991Z", "user": 4, "content_type": 13, "object_id": "15", "object_repr": "Cookbook for begginers", "action_flag": 2, "change_message": "[{\"changed\": {\"fields\": [\"Rating\", \"Image\"]}}]"}}, {"model": "admin.logentry", "pk": 61, "fields": {"action_time": "2022-06-01T16:19:09.772Z", "user": 4, "content_type": 13, "object_id": "16", "object_repr": "Vegan Weight Loss", "action_flag": 1, "change_message": "[{\"added\": {}}]"}}, {"model": "admin.logentry", "pk": 62, "fields": {"action_time": "2022-06-01T16:19:19.137Z", "user": 4, "content_type": 13, "object_id": "16", "object_repr": "Vegan Weight Loss", "action_flag": 2, "change_message": "[{\"changed\": {\"fields\": [\"Image\"]}}]"}}, {"model": "admin.logentry", "pk": 63, "fields": {"action_time": "2022-06-01T16:21:24.247Z", "user": 4, "content_type": 13, "object_id": "11", "object_repr": "Punching Bag", "action_flag": 2, "change_message": "[]"}}, {"model": "admin.logentry", "pk": 64, "fields": {"action_time": "2022-06-01T16:23:32.472Z", "user": 4, "content_type": 13, "object_id": "17", "object_repr": "Balance Ball", "action_flag": 1, "change_message": "[{\"added\": {}}]"}}, {"model": "admin.logentry", "pk": 65, "fields": {"action_time": "2022-06-01T16:24:43.406Z", "user": 4, "content_type": 13, "object_id": "17", "object_repr": "Balance Ball", "action_flag": 2, "change_message": "[{\"changed\": {\"fields\": [\"Image url\", \"Image\"]}}]"}}, {"model": "admin.logentry", "pk": 66, "fields": {"action_time": "2022-06-01T16:25:24.076Z", "user": 4, "content_type": 13, "object_id": "17", "object_repr": "Balance Ball", "action_flag": 2, "change_message": "[{\"changed\": {\"fields\": [\"Image url\", \"Image\"]}}]"}}, {"model": "admin.logentry", "pk": 67, "fields": {"action_time": "2022-06-01T16:26:08.728Z", "user": 4, "content_type": 13, "object_id": "18", "object_repr": "Kettle Bells", "action_flag": 1, "change_message": "[{\"added\": {}}]"}}, {"model": "admin.logentry", "pk": 68, "fields": {"action_time": "2022-06-01T16:26:29.259Z", "user": 4, "content_type": 13, "object_id": "5", "object_repr": "sdsdf", "action_flag": 3, "change_message": ""}}, {"model": "admin.logentry", "pk": 69, "fields": {"action_time": "2022-06-01T16:26:29.262Z", "user": 4, "content_type": 13, "object_id": "1", "object_repr": "Vegetarian", "action_flag": 3, "change_message": ""}}, {"model": "admin.logentry", "pk": 70, "fields": {"action_time": "2022-06-01T16:27:36.788Z", "user": 4, "content_type": 13, "object_id": "19", "object_repr": "Yoga Mat", "action_flag": 1, "change_message": "[{\"added\": {}}]"}}, {"model": "admin.logentry", "pk": 71, "fields": {"action_time": "2022-06-01T16:28:26.057Z", "user": 4, "content_type": 13, "object_id": "20", "object_repr": "Rowing Machine", "action_flag": 1, "change_message": "[{\"added\": {}}]"}}, {"model": "admin.logentry", "pk": 72, "fields": {"action_time": "2022-06-01T16:29:21.664Z", "user": 4, "content_type": 13, "object_id": "21", "object_repr": "Dumbells", "action_flag": 1, "change_message": "[{\"added\": {}}]"}}, {"model": "admin.logentry", "pk": 73, "fields": {"action_time": "2022-06-01T16:30:39.835Z", "user": 4, "content_type": 13, "object_id": "22", "object_repr": "Bar Weights", "action_flag": 1, "change_message": "[{\"added\": {}}]"}}, {"model": "admin.logentry", "pk": 74, "fields": {"action_time": "2022-06-01T16:31:06.427Z", "user": 4, "content_type": 13, "object_id": "23", "object_repr": "Barbell", "action_flag": 1, "change_message": "[{\"added\": {}}]"}}, {"model": "admin.logentry", "pk": 75, "fields": {"action_time": "2022-06-01T16:34:24.801Z", "user": 4, "content_type": 13, "object_id": "24", "object_repr": "Vegetarian For Begginers", "action_flag": 1, "change_message": "[{\"added\": {}}]"}}, {"model": "admin.logentry", "pk": 76, "fields": {"action_time": "2022-06-01T16:34:44.057Z", "user": 4, "content_type": 13, "object_id": "3", "object_repr": "ASDASD", "action_flag": 3, "change_message": ""}}, {"model": "admin.logentry", "pk": 77, "fields": {"action_time": "2022-06-01T16:35:53.499Z", "user": 4, "content_type": 13, "object_id": "25", "object_repr": "Vegetarian Keto Diet", "action_flag": 1, "change_message": "[{\"added\": {}}]"}}, {"model": "admin.logentry", "pk": 78, "fields": {"action_time": "2022-06-01T16:48:38.218Z", "user": 4, "content_type": 13, "object_id": "26", "object_repr": "Lean in 15", "action_flag": 1, "change_message": "[{\"added\": {}}]"}}, {"model": "admin.logentry", "pk": 79, "fields": {"action_time": "2022-06-01T16:50:03.814Z", "user": 4, "content_type": 13, "object_id": "27", "object_repr": "Budget Friendly Vegetarian", "action_flag": 1, "change_message": "[{\"added\": {}}]"}}, {"model": "admin.logentry", "pk": 80, "fields": {"action_time": "2022-06-01T16:50:25.109Z", "user": 4, "content_type": 13, "object_id": "26", "object_repr": "Lean in 15", "action_flag": 2, "change_message": "[{\"changed\": {\"fields\": [\"Category\"]}}]"}}, {"model": "admin.logentry", "pk": 81, "fields": {"action_time": "2022-06-01T16:50:46.852Z", "user": 4, "content_type": 13, "object_id": "27", "object_repr": "Budget Friendly Vegetarian", "action_flag": 2, "change_message": "[{\"changed\": {\"fields\": [\"Image\"]}}]"}}, {"model": "admin.logentry", "pk": 82, "fields": {"action_time": "2022-06-03T09:52:58.650Z", "user": 4, "content_type": 19, "object_id": "2", "object_repr": "product_review object (2)", "action_flag": 2, "change_message": "[]"}}, {"model": "admin.logentry", "pk": 83, "fields": {"action_time": "2022-06-03T16:45:52.676Z", "user": 4, "content_type": 19, "object_id": "24", "object_repr": "1651fds65f1s6d51f6s51f5\r\nf5sd\r\n1fsd\r\n5fd1s\r\nf", "action_flag": 3, "change_message": ""}}, {"model": "admin.logentry", "pk": 84, "fields": {"action_time": "2022-06-03T16:45:52.678Z", "user": 4, "content_type": 19, "object_id": "23", "object_repr": "561561615", "action_flag": 3, "change_message": ""}}, {"model": "admin.logentry", "pk": 85, "fields": {"action_time": "2022-06-03T16:45:52.680Z", "user": 4, "content_type": 19, "object_id": "22", "object_repr": "fdgdfgdfg", "action_flag": 3, "change_message": ""}}, {"model": "admin.logentry", "pk": 86, "fields": {"action_time": "2022-06-03T16:45:52.682Z", "user": 4, "content_type": 19, "object_id": "21", "object_repr": "sdfsdfsd", "action_flag": 3, "change_message": ""}}, {"model": "admin.logentry", "pk": 87, "fields": {"action_time": "2022-06-03T16:45:52.683Z", "user": 4, "content_type": 19, "object_id": "20", "object_repr": "fdgfdgdfgdf", "action_flag": 3, "change_message": ""}}, {"model": "admin.logentry", "pk": 88, "fields": {"action_time": "2022-06-03T16:45:52.685Z", "user": 4, "content_type": 19, "object_id": "19", "object_repr": "False", "action_flag": 3, "change_message": ""}}, {"model": "admin.logentry", "pk": 89, "fields": {"action_time": "2022-06-03T16:45:52.686Z", "user": 4, "content_type": 19, "object_id": "18", "object_repr": "123456", "action_flag": 3, "change_message": ""}}, {"model": "admin.logentry", "pk": 90, "fields": {"action_time": "2022-06-03T16:45:52.688Z", "user": 4, "content_type": 19, "object_id": "17", "object_repr": "14654156", "action_flag": 3, "change_message": ""}}, {"model": "admin.logentry", "pk": 91, "fields": {"action_time": "2022-06-03T16:45:52.689Z", "user": 4, "content_type": 19, "object_id": "16", "object_repr": "fsdfsdf", "action_flag": 3, "change_message": ""}}, {"model": "admin.logentry", "pk": 92, "fields": {"action_time": "2022-06-03T16:45:52.691Z", "user": 4, "content_type": 19, "object_id": "15", "object_repr": "False", "action_flag": 3, "change_message": ""}}, {"model": "admin.logentry", "pk": 93, "fields": {"action_time": "2022-06-03T16:45:52.692Z", "user": 4, "content_type": 19, "object_id": "14", "object_repr": "asd\r\n113s1d321d\r\n31\r\n3sd21\r\nd23s1a", "action_flag": 3, "change_message": ""}}, {"model": "admin.logentry", "pk": 94, "fields": {"action_time": "2022-06-03T16:45:52.693Z", "user": 4, "content_type": 19, "object_id": "13", "object_repr": "fdfdggfhfgh651gf56h4fg65h456fgh16gh", "action_flag": 3, "change_message": ""}}, {"model": "admin.logentry", "pk": 95, "fields": {"action_time": "2022-06-03T16:45:52.695Z", "user": 4, "content_type": 19, "object_id": "12", "object_repr": "2166516511", "action_flag": 3, "change_message": ""}}, {"model": "admin.logentry", "pk": 96, "fields": {"action_time": "2022-06-03T16:45:52.697Z", "user": 4, "content_type": 19, "object_id": "11", "object_repr": "fsdfsdfsd", "action_flag": 3, "change_message": ""}}, {"model": "admin.logentry", "pk": 97, "fields": {"action_time": "2022-06-03T16:45:52.698Z", "user": 4, "content_type": 19, "object_id": "10", "object_repr": "gfdg1df65g1d5fg1fdg", "action_flag": 3, "change_message": ""}}, {"model": "admin.logentry", "pk": 98, "fields": {"action_time": "2022-06-03T16:45:52.700Z", "user": 4, "content_type": 19, "object_id": "9", "object_repr": "54165465464", "action_flag": 3, "change_message": ""}}, {"model": "admin.logentry", "pk": 99, "fields": {"action_time": "2022-06-03T16:45:52.701Z", "user": 4, "content_type": 19, "object_id": "8", "object_repr": "adsasdasd", "action_flag": 3, "change_message": ""}}, {"model": "admin.logentry", "pk": 100, "fields": {"action_time": "2022-06-03T16:45:52.703Z", "user": 4, "content_type": 19, "object_id": "7", "object_repr": "dafdfs5f4sd654f6s5d4fasd465f", "action_flag": 3, "change_message": ""}}, {"model": "admin.logentry", "pk": 101, "fields": {"action_time": "2022-06-03T16:45:52.704Z", "user": 4, "content_type": 19, "object_id": "6", "object_repr": "sddfgfghhgjj45613\r\n21", "action_flag": 3, "change_message": ""}}, {"model": "admin.logentry", "pk": 102, "fields": {"action_time": "2022-06-03T16:45:52.705Z", "user": 4, "content_type": 19, "object_id": "5", "object_repr": "test", "action_flag": 3, "change_message": ""}}, {"model": "admin.logentry", "pk": 103, "fields": {"action_time": "2022-06-03T16:45:52.706Z", "user": 4, "content_type": 19, "object_id": "4", "object_repr": "dsfdsfsdfsd", "action_flag": 3, "change_message": ""}}, {"model": "admin.logentry", "pk": 104, "fields": {"action_time": "2022-06-03T16:45:52.708Z", "user": 4, "content_type": 19, "object_id": "3", "object_repr": "FDsfsdf", "action_flag": 3, "change_message": ""}}, {"model": "admin.logentry", "pk": 105, "fields": {"action_time": "2022-06-03T16:45:52.710Z", "user": 4, "content_type": 19, "object_id": "2", "object_repr": "test", "action_flag": 3, "change_message": ""}}, {"model": "admin.logentry", "pk": 106, "fields": {"action_time": "2022-06-03T16:45:52.712Z", "user": 4, "content_type": 19, "object_id": "1", "object_repr": "Test", "action_flag": 3, "change_message": ""}}, {"model": "admin.logentry", "pk": 107, "fields": {"action_time": "2022-06-03T20:50:45.389Z", "user": 4, "content_type": 14, "object_id": "1", "object_repr": "Category", "action_flag": 1, "change_message": "[{\"added\": {}}]"}}, {"model": "admin.logentry", "pk": 108, "fields": {"action_time": "2022-06-03T20:51:47.032Z", "user": 4, "content_type": 14, "object_id": "2", "object_repr": "Vegan", "action_flag": 1, "change_message": "[{\"added\": {}}]"}}, {"model": "admin.logentry", "pk": 109, "fields": {"action_time": "2022-06-03T20:51:53.529Z", "user": 4, "content_type": 14, "object_id": "1", "object_repr": "Category", "action_flag": 3, "change_message": ""}}, {"model": "admin.logentry", "pk": 110, "fields": {"action_time": "2022-06-03T20:52:22.965Z", "user": 4, "content_type": 13, "object_id": "1", "object_repr": "Test1", "action_flag": 1, "change_message": "[{\"added\": {}}]"}}, {"model": "admin.logentry", "pk": 111, "fields": {"action_time": "2022-06-03T20:55:03.574Z", "user": 4, "content_type": 14, "object_id": "3", "object_repr": "Vegetarian", "action_flag": 1, "change_message": "[{\"added\": {}}]"}}, {"model": "admin.logentry", "pk": 112, "fields": {"action_time": "2022-06-03T20:55:11.122Z", "user": 4, "content_type": 14, "object_id": "4", "object_repr": "Cardio", "action_flag": 1, "change_message": "[{\"added\": {}}]"}}, {"model": "admin.logentry", "pk": 113, "fields": {"action_time": "2022-06-03T20:55:17.360Z", "user": 4, "content_type": 14, "object_id": "5", "object_repr": "Weights", "action_flag": 1, "change_message": "[{\"added\": {}}]"}}, {"model": "admin.logentry", "pk": 114, "fields": {"action_time": "2022-06-03T20:55:19.062Z", "user": 4, "content_type": 14, "object_id": "5", "object_repr": "Weights", "action_flag": 2, "change_message": "[]"}}, {"model": "admin.logentry", "pk": 115, "fields": {"action_time": "2022-06-03T20:55:53.249Z", "user": 4, "content_type": 13, "object_id": "2", "object_repr": "Test2", "action_flag": 1, "change_message": "[{\"added\": {}}]"}}, {"model": "admin.logentry", "pk": 116, "fields": {"action_time": "2022-06-03T20:56:20.570Z", "user": 4, "content_type": 13, "object_id": "3", "object_repr": "Test3", "action_flag": 1, "change_message": "[{\"added\": {}}]"}}, {"model": "admin.logentry", "pk": 117, "fields": {"action_time": "2022-06-03T20:56:41.684Z", "user": 4, "content_type": 13, "object_id": "4", "object_repr": "Test4", "action_flag": 1, "change_message": "[{\"added\": {}}]"}}, {"model": "admin.logentry", "pk": 118, "fields": {"action_time": "2022-06-04T10:52:14.061Z", "user": 4, "content_type": 19, "object_id": "4", "object_repr": "lkdjsalkjdasdf", "action_flag": 1, "change_message": "[{\"added\": {}}]"}}, {"model": "admin.logentry", "pk": 119, "fields": {"action_time": "2022-06-04T14:19:45.335Z", "user": 4, "content_type": 4, "object_id": "3", "object_repr": "Super1", "action_flag": 3, "change_message": ""}}, {"model": "admin.logentry", "pk": 120, "fields": {"action_time": "2022-06-04T14:20:18.575Z", "user": 4, "content_type": 4, "object_id": "1", "object_repr": "AntonyThornton", "action_flag": 3, "change_message": ""}}, {"model": "admin.logentry", "pk": 121, "fields": {"action_time": "2022-06-04T14:29:01.774Z", "user": 4, "content_type": 8, "object_id": "5", "object_repr": "Test@test1.com", "action_flag": 2, "change_message": "[{\"changed\": {\"fields\": [\"Verified\"]}}]"}}, {"model": "auth.user", "pk": 2, "fields": {"password": "pbkdf2_sha256$260000$0GmmshU9cDapRBKOOmkYrk$D4MgvtJgfH2lB9ElCo5aqbxl1sf0RsRt7oSaL7SVy7I=", "last_login": "2022-06-04T14:22:24.646Z", "is_superuser": false, "username": "TestUser", "first_name": "", "last_name": "", "email": "Test@test.com", "is_staff": false, "is_active": true, "date_joined": "2022-05-29T12:24:11.305Z", "groups": [], "user_permissions": []}}, {"model": "auth.user", "pk": 4, "fields": {"password": "pbkdf2_sha256$260000$yc7WFE7wzCMcOWYTCTh7Ek$yqkwhbDWFfAUAPACC2F4OkIkMNKUwuABicGvzjVqSRE=", "last_login": "2022-06-07T18:27:47.594Z", "is_superuser": true, "username": "AntonyThornton1", "first_name": "", "last_name": "", "email": "antony_thornton_p@outlook.com", "is_staff": true, "is_active": true, "date_joined": "2022-06-01T15:54:03.231Z", "groups": [], "user_permissions": []}}, {"model": "auth.user", "pk": 5, "fields": {"password": "pbkdf2_sha256$260000$RrT7ojAAPcjE8xgrpLL73v$OA4Bk0SD6H9EJEJS3rdnFQdb8xlfQGIblACjHpk6xVo=", "last_login": null, "is_superuser": false, "username": "NonSuperUser", "first_name": "", "last_name": "", "email": "Antony_thornton1@hotmail.com", "is_staff": false, "is_active": true, "date_joined": "2022-06-04T14:12:42.559Z", "groups": [], "user_permissions": []}}, {"model": "auth.user", "pk": 6, "fields": {"password": "pbkdf2_sha256$260000$bXwtsY8oAohBNZPngUSEBS$c4B5vENRR2zDEEJvwcJNcZq9TlRxVZs7I3VfKGprcJI=", "last_login": null, "is_superuser": false, "username": "Test", "first_name": "", "last_name": "", "email": "Test@test1.com", "is_staff": false, "is_active": true, "date_joined": "2022-06-04T14:28:44.540Z", "groups": [], "user_permissions": []}}, {"model": "auth.user", "pk": 7, "fields": {"password": "pbkdf2_sha256$260000$jSgshmNPx4BZZpp4Ippso2$hhN0UGWY7XIcG3Z3G0qICFfzx1g5RbgUwbI0dTpmdf4=", "last_login": null, "is_superuser": false, "username": "Test2", "first_name": "", "last_name": "", "email": "Test@test2.com", "is_staff": false, "is_active": true, "date_joined": "2022-06-05T10:43:59.979Z", "groups": [], "user_permissions": []}}, {"model": "auth.user", "pk": 8, "fields": {"password": "pbkdf2_sha256$260000$VBF8cBXNMTevVAijBWNCby$lKlu1LhJu8Tvc8kwiVGgZv4KpI1q/dLXO1g1YUsfIoY=", "last_login": "2022-06-05T10:45:47.089Z", "is_superuser": false, "username": "Test@test3.com", "first_name": "", "last_name": "", "email": "Test@test3.com", "is_staff": false, "is_active": true, "date_joined": "2022-06-05T10:45:47.001Z", "groups": [], "user_permissions": []}}, {"model": "sessions.session", "pk": "0ll80904g4kxj9pcw5rayx8s8hrc1ley", "fields": {"session_data": ".eJxVjMEOwiAQRP-FsyFLKy3t0bvfQGB3sagBA22iMf67bdKDXuYw8-a9hXXLPNmlcrGRxCiUOPx23uGN0zbQ1aVLlpjTXKKXGyL3tcpzJr6fdvZPMLk6rW9sgteh100fOt01AY1iYhhAu6M2g1OAPQVEA4zgvVGtGbj1raY1gMImrVxrzMny8xHLS4zw-QKjmj-e:1ngWCn:3ZDqmr41wcG5PTj6XwGI9YNeXHUdYOFXkCeG_qJoNwg", "expire_date": "2022-05-02T18:34:33.888Z"}}, {"model": "sessions.session", "pk": "65ba1uk0ycxd48uz6nsliog8ug95i68a", "fields": {"session_data": "e30:1nwSQt:o-MC2hg_kGDBIqI9HCfMUZXapIQrF2X7r7ryr7Wj0qM", "expire_date": "2022-06-15T17:46:59.529Z"}}, {"model": "sessions.session", "pk": "7xduzq8sdskdtef6h68l9b2suaisgbmm", "fields": {"session_data": ".eJxVjrEOgzAQQ__lZoQugUCSsXu_ASWXS6GtoEpAaoX494LE0C4e7GfLK3RumftuyZy6IYAFAcWv5x09eDyCcHfjbSppGuc0-PJAyjPN5XUK_Lyc7N9A73K_t0lGr2KrZBsb1chIWnBgNKhcrbRxAqkNkUgjE3qvRaUNV75SYRcM8RjNnPMwjR2_X0P6gBUSTYNYALk0g13379YUUIGtC5Bg5bZ9AVFHRyM:1nieEs:Ga6AAJLJAMQaUFz-mHUbF0AXIUdmxy96TSXuBK1ZvNI", "expire_date": "2022-05-08T15:33:30.795Z"}}, {"model": "sessions.session", "pk": "9d8kxa0qmkxqord1jhaq8rkaln15pu01", "fields": {"session_data": ".eJxVjDsOwyAQRO9CHSF-_uAyvc-AFnaJSSKQwE4T5e6xJRdJM8XMm_dmDrZ1cVuj6hKyiWl2-e08hAflY8A75FvhoeS1Js8PhJ9r43NBel5P9k-wQFuONw5eCymEEdGiV4Sdip3SCNaqiHKQAeyIogfQe3TKSzkGPZDpjVDR79IGL3Ipx8KmtW70-QLJqz3X:1nvJHG:6ZIKevyQXa4zT_58U6Hvm7Y1ldgzKBq1DHbkS7DkHWE", "expire_date": "2022-06-12T13:48:18.978Z"}}, {"model": "sessions.session", "pk": "a4ketzw9jp4l8drrl8josq6ee0q7esk0", "fields": {"session_data": ".eJxVjEEOwiAURO_C2pAPlRa6dO8ZCHw-FjVgoE00xrvbJl3oZhYzb96bWbfMk10aVZsCG5lgh9_OO7xR3oZwdflSOJY81-T5hvB9bfxcAt1PO_snmFyb1jfK6FUclBxir3oZUQsKBAaUOyptnAAcQkTUQAjea9FpQ53vVFgDQtykjVpLJVt6PlJ9sVFIMD3A5wsj6UDQ:1nhcAP:4JMouFZbiPVk6mU0ZXxCA-XmV7yMfNGB9RsQ2AyqYiE", "expire_date": "2022-05-05T19:08:37.427Z"}}, {"model": "sessions.session", "pk": "aja5ndmw9ht90c4tdkj6099324n5m3i9", "fields": {"session_data": "e30:1nvJ0G:SlCC8SfaL7Atyq4hixHqs6a2-cD0nUg5Ykil--m3BRw", "expire_date": "2022-06-12T13:30:44.423Z"}}, {"model": "sessions.session", "pk": "ckxrgpg9ykkwipnuieewtcgbtn7dyjmj", "fields": {"session_data": "eyJjYXJ0Ijp7IjYiOjF9fQ:1nsOer:foFTWU8T7nYKpBwNAFShUE9fQUF3chJYIi2R7QuyRWo", "expire_date": "2022-06-04T12:56:37.000Z"}}, {"model": "sessions.session", "pk": "cv8i1joz59glil8dbwx2owrc89sfiw0u", "fields": {"session_data": ".eJxVjDsOwjAQBe_iGllk_aekzxms3bWNA8iR4qRC3B0ipYD2zcx7iYjbWuPW8xKnJC5Ci9PvRsiP3HaQ7thus-S5rctEclfkQbsc55Sf18P9O6jY67fOugR1HoZMWApYSl4BquAcggfAwsGZUozxnB2TtcBGK-80JueBKYj3B_HSOBs:1nydvf:r3yj2xoELxg0giK18eE6xNnMmZa8Czv1REvrJ0BjotE", "expire_date": "2022-06-21T18:27:47.600Z"}}, {"model": "sessions.session", "pk": "ex6m0vfydrjkrqm5gird2btjsflw7rb0", "fields": {"session_data": ".eJxVjEEOwiAURO_C2pAPlRa6dO8ZCHw-FjXUQJtomt7dNulCN7N4b2YWZt08DXauVGwKrGeCnX6Zd_igvItwd_k2chzzVJLne4UftvLrGOh5Obp_B4Orw7ZGGb2KnZJdbFUrI2pBgcCAcmeljROAXYiIGgjBey0abajxjQpbQIj7aaVa05gtvV-pfFgvJJgW4MTQlYn1C2s2tq5fDuBE_g:1nuZLG:BtewEoklYBiI2rGbd-VgaO430XuF8NU8nd_UUXzytIY", "expire_date": "2022-06-10T12:45:22.182Z"}}, {"model": "sessions.session", "pk": "f84hyp1w7c91sgf3468soshr9wl0s7ze", "fields": {"session_data": ".eJxVjDkOgzAUBe_ya2ThDS9l-pzB-t4CSWRLGNIg7h6QKJL2zbzZwOG6jG5taXZTBAsCut_NY3ilcoL4xPKoJNSyzJMnp0Iu2si9xvS-Xe5fYMQ2Hu8ksuE9pcljzmzwUXOG3CiFTDOGORglc5ZSh6SCHwYWpOBaCYxKs-DNEW34SW4quYLN-G6pg4DzAnYD2oOl-_4FJ0JC5g:1nxAQq:JLlf3PXqoFBrPlgFdJpk9jFaHtAGCZtWt9iwR4dpN8U", "expire_date": "2022-06-17T16:45:52.769Z"}}, {"model": "sessions.session", "pk": "gx5t7i5fga7jsq3blalqv38e0u9gnhdj", "fields": {"session_data": "eyJjYXJ0Ijp7IjMiOjF9fQ:1nsQsW:LzUvYBSA-CnaQlw2HA89fxX2mfMeo0hq-8hx_0eoWdc", "expire_date": "2022-06-04T15:18:52.045Z"}}, {"model": "sessions.session", "pk": "hhq1qm15790221n3uqvzbu9f022djsz9", "fields": {"session_data": ".eJxVjEEOwiAQRe_C2hA7QIEu3XsGMsCMrRpISuvGeHfbpAvd_vf-e4uA6zKGtdEcpiwGocXpd4uYHlR2kO9YblWmWpZ5inJX5EGbvNZMz8vh_gVGbOP2Js1enbuOIjJDH7NTgMpbi-AAkJO3htkYl8im2PeQjFbOaszWQYp-izZ8UZgKVzEwPht9vhwiPoo:1nwqLy:PQb0hTbtLI9brcV-Et8gXfURECDSMl9pV9WAMku2CWE", "expire_date": "2022-06-16T19:19:30.954Z"}}, {"model": "sessions.session", "pk": "jqqk3xhsyma0ll01tv6ovj5f62ou35r7", "fields": {"session_data": "eyJjYXJ0Ijp7IjIiOjF9fQ:1ntxJb:Hjhd1eaaiUq1d87PX7XNikJ8P0S_f8B0kFDyJc4e5S4", "expire_date": "2022-06-08T20:09:07.850Z"}}, {"model": "sessions.session", "pk": "jzzduweoavrt1c4dg6uxxvvam5go0tab", "fields": {"session_data": "eyJjYXJ0Ijp7IjIiOjJ9fQ:1nsP3N:4rGb81U6hBl6qj3s1hc3KzV7mwEAFrzyCQDcZd24KYk", "expire_date": "2022-06-04T13:21:57.371Z"}}, {"model": "sessions.session", "pk": "k5ty3ajm00u4shfak4w13ii9dt54zlfc", "fields": {"session_data": "eyJzYXZlX2luZm8iOmZhbHNlLCJjYXJ0Ijp7IjEiOjF9fQ:1nuvZ6:4GLGKl3qHbC_MS0XlUwwZcT6DZE9DN5-laJCFKACMIA", "expire_date": "2022-06-11T12:29:08.459Z"}}, {"model": "sessions.session", "pk": "ktr56qd271fvjy6xy89vu7cqxojmscz8", "fields": {"session_data": ".eJy9jstqwzAQRX9lmLUw8kPxYxMo3XRRKDS7OBh5NIqdpnawZNIS8u-1SQzNottuBnTvzDm6IOnBY3HBFItYYIhFIjDBIr8KrPTom2p0PFStwWIqH7Ja0wd3c2EOutv3AfWdH9o6mFeCe-uC197w8em--wBotGuma4psrWyqotSu1CqylIVsWOZS6URluQ4lpcYSZZJJ1nUWxlnOcR0rMw1p7Az9ZOf0nt2E225LrKqD67slLVGAFBApASVuGobT0JuRPJTlGMmQNuw8vHvdGT0YCG-pgbN2MH2dPRtwI9EEs-Px-B2UuBPwlyWWs2UxnFvfwMvzYkoXtunZdbdH7oG_WucDeOOh0ScHrf_tXv-_bofXH1BGrdE:1ntCxc:MIbvpReTvD81hdvDMbv3gZsg9BTfDYSbq0R8cmK7kvc", "expire_date": "2022-06-06T18:39:20.311Z"}}, {"model": "sessions.session", "pk": "lcinnp1v6mlgwbv3sdoa7p1x90e7tz8j", "fields": {"session_data": "eyJjYXJ0Ijp7IjIiOjF9fQ:1nutCb:3In1svMliW_xeF5Z2L_3zjkfuKn7oMBf0JNpKuiFKBQ", "expire_date": "2022-06-11T09:57:45.275Z"}}, {"model": "sessions.session", "pk": "pvz6p1nv4cru3z82y6eh7m5dnsj4ffpx", "fields": {"session_data": ".eJxVjDsOwjAQBe_iGlnEn9hOSc8ZrPV6lwQiW4oTGsTdIVKatG9m3kc0eFOcClcxMMyNLiLCto5xa7TEKYtBGHHaEuCLyg7yE8qjSqxlXaYkd0UetMl7zTTfDvd0MEIb_zUZDvradZSAWfUpe61AB-dAeaWAMTjLbK1Hcpj6XqE12jsD2XmFKYjvD35cPoo:1nx3zG:c0gICQIVTQzpEgDDQ17i3jdOiFRs_LcIjf-LaW-qWBQ", "expire_date": "2022-06-17T09:52:58.729Z"}}, {"model": "sessions.session", "pk": "qe4xgxvcrkhs221llxrntp9sv4sroe10", "fields": {"session_data": ".eJxVjMsOgjAQRf9l1oRAKfSxdO83NNN2KlXTGgpGQ_h3JWGh23vOPSsYXObRLIUmEz1o4FD9bhbdjdIO_BXTJdcup3mKtt6V-qClPmdP99Ph_gVGLOP3TTyormlbshgCG6yXHcNOCYFMMobBKdGH0PfSkXB2GJjreScFRy8kc1bt0UKlxJwMvR5xeoNuKij4JBNTyKAD3gtV4HCaQa_b9gETfUkT:1nxvwd:MzZlAMqTBvPTYu532k70mN0nhMXDNOSfKbnzSwxxdHU", "expire_date": "2022-06-19T19:29:51.252Z"}}, {"model": "sessions.session", "pk": "rqa1smdec9rqqsveb16vkskpmgjz6s69", "fields": {"session_data": ".eJxVjU0KwjAQhe-StZRJatqkO71ImEwmNFhaaVJQxLubShe6GXg_872XcLiV0W2ZV5eCGIQUp1_PI9143gOcpt1ukGjZ5tJ8O0ecm0tVPJdEWNIyX4-vP9SIeawcUtHr2GvVx053KpKRHBgsaDxrY1EC9SESGWAC741sjeXWtzrUAyHu0Mw51xnHj3tan2KQCmwH8P4Ab61FRA:1nhdV3:_CU2HTnTP2nK_UZ3j0KOWIO-I7JY7z4ImVd-YHJjQgs", "expire_date": "2022-05-05T20:34:01.248Z"}}, {"model": "sessions.session", "pk": "sesiuwlu93mijk9lneiknruhkiserilw", "fields": {"session_data": ".eJxVjMEOwiAQRP-FsyFLKy3t0bvfQGB3sagBA22iMf67bdKDXuYw8-a9hXXLPNmlcrGRxCiUOPx23uGN0zbQ1aVLlpjTXKKXGyL3tcpzJr6fdvZPMLk6rW9sgteh100fOt01AY1iYhhAu6M2g1OAPQVEA4zgvVGtGbj1raY1gMImrVxrzMny8xHLS4zw-QKjmj-e:1ndXvS:UgojcdId5-bPdp9CaQhoHqvE-N5ZZT8O1o6dNfrG1UY", "expire_date": "2022-04-24T13:48:22.906Z"}}, {"model": "sessions.session", "pk": "ugd4jk4c8lrp5vi1ofbrvofgy18x48tp", "fields": {"session_data": ".eJxVjEEOgyAURO_y14YAiiLL7nsGA59PpW2gEU3aGO9eTVy0m1nMvHkrDHaZx2EpNA3RgwEB1W_nLD4oHYO_23TLDHOap-jYgbBzLeyaPT0vJ_snGG0Z9zfK4FTolOxCq1oZUAvyxHuubKN0bwXHzgdEzQm5c1rUuqfa1crvwX04pIVKiTkN9H7F6QOGV4B2msGs0ICRFUgwYtu-E2FE2w:1ntDxo:mlKHLYCBR3XaFWUu6zsDIPgoPz_jo-Ifk4oYXsKVkr8", "expire_date": "2022-06-06T19:43:36.883Z"}}, {"model": "sessions.session", "pk": "w8oqeollc9nrn85ca3taxba6urwpv51r", "fields": {"session_data": "eyJjYXJ0Ijp7IjMiOjF9fQ:1ntDT8:T7AH0G8nUjx9UdDBiLhn4wa0RsH55NZMXGoGRmNRPK8", "expire_date": "2022-06-06T19:11:54.406Z"}}, {"model": "sessions.session", "pk": "xk4kc1x0bqo3h2174j54i20a3uqwkjcp", "fields": {"session_data": "e30:1nvHY4:Vk097S7k5XIrRH84Oef9tqY4u8hdF0q0TRlAMAdLVqA", "expire_date": "2022-06-12T11:57:32.027Z"}}, {"model": "sites.site", "pk": 1, "fields": {"domain": "fsa.example.com", "name": "Fitness Subscription App"}}, {"model": "account.emailaddress", "pk": 2, "fields": {"user": 2, "email": "Test@test.com", "verified": true, "primary": true}}, {"model": "account.emailaddress", "pk": 3, "fields": {"user": 5, "email": "Antony_thornton1@hotmail.com", "verified": true, "primary": true}}, {"model": "account.emailaddress", "pk": 4, "fields": {"user": 4, "email": "antony_thornton_p@outlook.com", "verified": true, "primary": true}}, {"model": "account.emailaddress", "pk": 5, "fields": {"user": 6, "email": "Test@test1.com", "verified": true, "primary": true}}, {"model": "account.emailaddress", "pk": 6, "fields": {"user": 7, "email": "Test@test2.com", "verified": false, "primary": true}}, {"model": "account.emailaddress", "pk": 7, "fields": {"user": 8, "email": "Test@test3.com", "verified": false, "primary": true}}, {"model": "products.category", "pk": 2, "fields": {"name": "Vegan", "friendly_name": "Vegan"}}, {"model": "products.category", "pk": 3, "fields": {"name": "Vegetarian", "friendly_name": "Vegetarian"}}, {"model": "products.category", "pk": 4, "fields": {"name": "Cardio", "friendly_name": "Cardio"}}, {"model": "products.category", "pk": 5, "fields": {"name": "Weights", "friendly_name": "Weights"}}, {"model": "products.product", "pk": 1, "fields": {"category": 2, "sku": "Test1 - Edited - Again", "name": "Test1 - Edited - Again", "description": "Test1 - Edited - Again", "price": "102.00", "rating": "5.00", "image_url": null, "image": "Vegan_Begginers_4Zz7xiI.JPG"}}, {"model": "products.product", "pk": 2, "fields": {"category": 3, "sku": "Test2 - Edited", "name": "Test2 - Edited", "description": "Test2 - Edited", "price": "15.00", "rating": "5.00", "image_url": null, "image": "Veggie_Begginer_BW6MxL4.JPG"}}, {"model": "products.product", "pk": 3, "fields": {"category": 4, "sku": "Test3", "name": "Test3", "description": "Test3", "price": "20.00", "rating": "2.00", "image_url": null, "image": "pexels-maarten-van-den-heuvel-4254902_12HNlcf.jpg"}}, {"model": "products.product", "pk": 4, "fields": {"category": 5, "sku": "Test4", "name": "Test4", "description": "Test4", "price": "25.00", "rating": "1.50", "image_url": null, "image": "pexels-victor-freitas-1092878_u5hZXCl.jpg"}}, {"model": "products.product_review", "pk": 1, "fields": {"sku": "Test1", "review": "sdfsdfsdf"}}, {"model": "products.product_review", "pk": 2, "fields": {"sku": "Test1", "review": "dsadasd"}}, {"model": "products.product_review", "pk": 3, "fields": {"sku": "Test1", "review": "fdsdfsdfsdfsd"}}, {"model": "products.product_review", "pk": 4, "fields": {"sku": "Test3", "review": "lkdjsalkjdasdf"}}, {"model": "products.product_review", "pk": 5, "fields": {"sku": "FormPushTest", "review": "New Product"}}, {"model": "products.product_review", "pk": 6, "fields": {"sku": "FormPushTest", "review": "It works!"}}, {"model": "products.product_review", "pk": 7, "fields": {"sku": "Test2", "review": null}}, {"model": "products.product_review", "pk": 8, "fields": {"sku": "Test1 - Edited", "review": null}}, {"model": "products.product_review", "pk": 9, "fields": {"sku": "Test1 - Edited", "review": null}}, {"model": "products.product_review", "pk": 10, "fields": {"sku": "Test1 - Edited", "review": "dasdasdasd"}}, {"model": "products.product_review", "pk": 11, "fields": {"sku": "Test1 - Edited", "review": "This book is great"}}, {"model": "products.product_review", "pk": 12, "fields": {"sku": "FormPushTest", "review": "Test review"}}, {"model": "products.product_review", "pk": 13, "fields": {"sku": "Test1 - Edited - Again", "review": "Post pep 8 test"}}, {"model": "products.product_review", "pk": 14, "fields": {"sku": "Test1 - Edited - Again", "review": "Test"}}, {"model": "checkout.order", "pk": 1, "fields": {"order_number": "240D82B150CC425683C136CD6166C28A", "user_profile": 3, "full_name": "Antony", "email": "antony_thornton_p@outlook.com", "phone_number": "07837228224", "country": "GB", "postcode": "Rg249fl", "town_or_city": "Basingstoke", "street_address1": "25 Hewitt Road", "street_address2": null, "county": "Hampshire", "date": "2022-06-03T20:53:19.085Z", "delivery_cost": "1.00", "order_total": "10.00", "grand_total": "11.00"}}, {"model": "checkout.order", "pk": 2, "fields": {"order_number": "B621D6B29BD74A89862C9804E9FDF885", "user_profile": 3, "full_name": "Antony", "email": "antony_thornton_p@outlook.com", "phone_number": "123456", "country": "GB", "postcode": "Rg249fl", "town_or_city": "Basingstoke", "street_address1": "25 Hewitt Road", "street_address2": null, "county": "Hampshire", "date": "2022-06-05T14:40:17.481Z", "delivery_cost": "0.00", "order_total": "585.00", "grand_total": "585.00"}}, {"model": "checkout.order", "pk": 3, "fields": {"order_number": "C04E1366B7A64183B97F29B0DDA1B56A", "user_profile": 3, "full_name": "Antony", "email": "antony_thornton_p@outlook.com", "phone_number": "123456", "country": "GB", "postcode": "Rg249fl", "town_or_city": "Basingstoke", "street_address1": "25 Hewitt Road", "street_address2": null, "county": "Hampshire", "date": "2022-06-05T17:11:33.232Z", "delivery_cost": "0.00", "order_total": "60.00", "grand_total": "60.00"}}, {"model": "checkout.order", "pk": 4, "fields": {"order_number": "7D0228D1498E468A8C15D2CCE9B324FF", "user_profile": 3, "full_name": "Antony", "email": "antony_thornton_p@outlook.com", "phone_number": "123456", "country": "GB", "postcode": "Rg249fl", "town_or_city": "Basingstoke", "street_address1": "25 Hewitt Road", "street_address2": null, "county": "Hampshire", "date": "2022-06-05T18:09:48.568Z", "delivery_cost": "0.00", "order_total": "102.00", "grand_total": "102.00"}}, {"model": "checkout.order", "pk": 5, "fields": {"order_number": "39B0F5D71CCC4F8FB173E4979F4EFCA5", "user_profile": 3, "full_name": "Antony", "email": "antony_thornton_p@outlook.com", "phone_number": "123456", "country": "GB", "postcode": "Rg249fl", "town_or_city": "Basingstoke", "street_address1": "25 Hewitt Road", "street_address2": null, "county": "Hampshire", "date": "2022-06-05T18:36:29.357Z", "delivery_cost": "0.00", "order_total": "1020.00", "grand_total": "1020.00"}}, {"model": "checkout.orderlineitem", "pk": 1, "fields": {"order": 1, "product": 1, "product_size": null, "quantity": 1, "lineitem_total": "10.00"}}, {"model": "checkout.orderlineitem", "pk": 2, "fields": {"order": 2, "product": 3, "product_size": null, "quantity": 4, "lineitem_total": "80.00"}}, {"model": "checkout.orderlineitem", "pk": 3, "fields": {"order": 2, "product": 1, "product_size": null, "quantity": 5, "lineitem_total": "505.00"}}, {"model": "checkout.orderlineitem", "pk": 4, "fields": {"order": 3, "product": 3, "product_size": null, "quantity": 3, "lineitem_total": "60.00"}}, {"model": "checkout.orderlineitem", "pk": 5, "fields": {"order": 4, "product": 1, "product_size": null, "quantity": 1, "lineitem_total": "102.00"}}, {"model": "checkout.orderlineitem", "pk": 6, "fields": {"order": 5, "product": 1, "product_size": null, "quantity": 10, "lineitem_total": "1020.00"}}, {"model": "profiles.userprofile", "pk": 1, "fields": {"user": 2, "default_phone_number": "07837228224", "default_street_address1": "25 Hewitt Road", "default_street_address2": null, "default_town_or_city": "Basingstoke", "default_county": "Hampshire", "default_postcode": "Rg249fl", "default_country": "GB"}}, {"model": "profiles.userprofile", "pk": 3, "fields": {"user": 4, "default_phone_number": "123456", "default_street_address1": "25 Hewitt Road", "default_street_address2": null, "default_town_or_city": "Basingstoke", "default_county": "Hampshire", "default_postcode": "Rg249fl", "default_country": "GB"}}, {"model": "profiles.userprofile", "pk": 4, "fields": {"user": 5, "default_phone_number": null, "default_street_address1": null, "default_street_address2": null, "default_town_or_city": null, "default_county": null, "default_postcode": null, "default_country": null}}, {"model": "profiles.userprofile", "pk": 5, "fields": {"user": 6, "default_phone_number": null, "default_street_address1": null, "default_street_address2": null, "default_town_or_city": null, "default_county": null, "default_postcode": null, "default_country": null}}, {"model": "profiles.userprofile", "pk": 6, "fields": {"user": 7, "default_phone_number": null, "default_street_address1": null, "default_street_address2": null, "default_town_or_city": null, "default_county": null, "default_postcode": null, "default_country": null}}, {"model": "profiles.userprofile", "pk": 7, "fields": {"user": 8, "default_phone_number": null, "default_street_address1": null, "default_street_address2": null, "default_town_or_city": null, "default_county": null, "default_postcode": null, "default_country": null}}, {"model": "contact.contact_message", "pk": 1, "fields": {"full_name": "Antony Thornton", "email": "Antony_thornton1@hotmail.com", "message": "dasdas"}}, {"model": "contact.contact_message", "pk": 2, "fields": {"full_name": "Antony Thornton", "email": "Antony_thornton1@hotmail.com", "message": "dasdas"}}, {"model": "contact.contact_message", "pk": 3, "fields": {"full_name": "Antony Thornton", "email": "Antony_thornton1@hotmail.com", "message": "Test1234"}}, {"model": "contact.contact_message", "pk": 4, "fields": {"full_name": "Test", "email": "Test@test.com", "message": "Test"}}, {"model": "contact.contact_message", "pk": 5, "fields": {"full_name": "test", "email": "test@email.com", "message": "test"}}, {"model": "contact.contact_message", "pk": 6, "fields": {"full_name": "Antony Thornton", "email": "saddasd@sdfjsdifh.com", "message": "fpisdjhfdspjfsd54df564ds65f4sd654f6s5d4f56sd4f6s5df"}}, {"model": "contact.contact_message", "pk": 7, "fields": {"full_name": "Antony", "email": "Antony_thornton@hotmail.com", "message": "hjdfsdjifhs"}}, {"model": "contact.contact_message", "pk": 8, "fields": {"full_name": "Antony", "email": "Antony_thornton@hotmail.com", "message": "Hello"}}, {"model": "contact.contact_message", "pk": 9, "fields": {"full_name": "Antony", "email": "Antony_thornton@hotmail.com", "message": "adsdsad"}}, {"model": "contact.contact_message", "pk": 10, "fields": {"full_name": "Antony", "email": "Antony_thornton@hotmail.com", "message": "ddasdadas"}}, {"model": "contact.contact_message", "pk": 11, "fields": {"full_name": "Antony", "email": "Antony_thornton@hotmail.com", "message": "Post Pep 8 testing"}}, {"model": "contact.contact_message", "pk": 12, "fields": {"full_name": "saddsa", "email": "dsasdas@hotmail.com", "message": "sadasdas"}}, {"model": "contact.contact_message", "pk": 13, "fields": {"full_name": "dasdas", "email": "sdaasd@fsdfdsf.com", "message": "asdasdas"}}]